{
    "copyright": "Copyright (c) 2017, 2018, Oracle and/or its affiliates. All rights reserved.",
    "license": "The Universal Permissive License (UPL), Version 1.0",
    "name": "JRF",
    "description": "JRF type domain definitions",
    "versions": {
        "10.3.6": "JRF_11G",
        "12.1.2": "JRF_1212",
        "12.1.3": "JRF_1213",
        "12.2.1": "JRF_12CR2",
        "12.2.1.3": "JRF_12213",
        "19.1":     "JRF_19CR1"
    },
    "definitions": {
        "JRF_11G" : {
            "baseTemplate": "@@WL_HOME@@/common/templates/domains/wls.jar",
            "extensionTemplates": [
                "@@ORACLE_HOME@@/oracle_common/common/templates/applications/jrf_template_11.1.1.jar",
                "@@ORACLE_HOME@@/oracle_common/common/templates/applications/oracle.jrf.ws.async_template_11.1.1.jar",
                "@@ORACLE_HOME@@/oracle_common/common/templates/applications/oracle.wsmpm_template_11.1.1.jar",
                "@@ORACLE_HOME@@/oracle_common/common/templates/applications/oracle.em_11_1_1_0_0_template.jar"
            ],
            "serverGroupsToTarget" : [ "JRF-MAN-SVR", "WSMPM-MAN-SVR" ],
            "rcuSchemas": [ "MDS", "IAU", "IAU_VIEWER", "IAU_APPEND", "OPSS" ]
        },
        "JRF_1212" : {
            "baseTemplate": "@@WL_HOME@@/common/templates/wls/wls.jar",
            "extensionTemplates": [
                "@@ORACLE_HOME@@/oracle_common/common/templates/wls/oracle.jrf_template_12.1.2.jar",
                "@@ORACLE_HOME@@/oracle_common/common/templates/wls/oracle.jrf.ws.async_template_12.1.2.jar",
                "@@ORACLE_HOME@@/oracle_common/common/templates/wls/oracle.wsmpm_template_12.1.2.jar",
                "@@ORACLE_HOME@@/em/common/templates/wls/oracle.em_wls_template_12.1.2.jar"
            ],
            "serverGroupsToTarget" : [ "JRF-MAN-SVR", "WSMPM-MAN-SVR" ],
            "rcuSchemas": [ "MDS", "IAU", "IAU_VIEWER", "IAU_APPEND", "OPSS" ]
        },
        "JRF_1213" : {
            "baseTemplate": "@@WL_HOME@@/common/templates/wls/wls.jar",
            "extensionTemplates": [
                "@@ORACLE_HOME@@/oracle_common/common/templates/wls/oracle.jrf_template_12.1.3.jar",
                "@@ORACLE_HOME@@/oracle_common/common/templates/wls/oracle.jrf.ws.async_template_12.1.3.jar",
                "@@ORACLE_HOME@@/oracle_common/common/templates/wls/oracle.wsmpm_template_12.1.3.jar",
                "@@ORACLE_HOME@@/em/common/templates/wls/oracle.em_wls_template_12.1.3.jar"
            ],
            "serverGroupsToTarget" : [ "JRF-MAN-SVR", "WSMPM-MAN-SVR" ],
            "rcuSchemas": [ "MDS", "IAU", "IAU_VIEWER", "IAU_APPEND", "OPSS" ]
        },
        "JRF_12CR2": {
            "baseTemplate": "Basic WebLogic Server Domain",
            "extensionTemplates": [
                "Oracle JRF WebServices Asynchronous services",
                "Oracle WSM Policy Manager",
                "Oracle Enterprise Manager"
            ],
            "serverGroupsToTarget": [ "JRF-MAN-SVR", "WSMPM-MAN-SVR" ],
            "rcuSchemas": [ "MDS", "IAU", "IAU_VIEWER", "IAU_APPEND", "OPSS" ]
        },
        "JRF_12213": {
            "baseTemplate": "Basic WebLogic Server Domain",
            "extensionTemplates": [
                "Oracle JRF WebServices Asynchronous services",
                "Oracle WSM Policy Manager",
                "Oracle Enterprise Manager"
            ],
            "serverGroupsToTarget": [ "JRF-MAN-SVR", "WSMPM-MAN-SVR" ],
            "rcuSchemas": [ "WLS", "MDS", "IAU", "IAU_VIEWER", "IAU_APPEND", "OPSS" ]
        },
        "JRF_19CR1": {
            "baseTemplate": "Basic WebLogic Server Domain",
            "extensionTemplates": [
                "Oracle JRF WebServices Asynchronous services",
                "Oracle WSM Policy Manager",
                "Oracle Enterprise Manager"
            ],
            "serverGroupsToTarget": [ "JRF-MAN-SVR", "WSMPM-MAN-SVR" ],
            "rcuSchemas": [ "WLS", "MDS", "IAU", "IAU_VIEWER", "IAU_APPEND", "OPSS" ]
        }
    },
    "system-elements": {
        "apps": [
            "coherence-transaction-rar",
            "DMS Application%%",
            "em",
            "FMW Welcome Page Application%%",
            "opss-rest",
            "state-management-provider-memory-rar",
            "wsil-wls",
            "wsm-pm"
        ],
        "coherence-clusters": [
            "defaultCoherenceCluster"
        ],
        "datasources": [
            "LocalSvcTblDataSource",
            "mds-owsm",
            "opss-audit-DBDS",
            "opss-audit-viewDS",
            "opss-data-source",
            "opss-ds",
            "WLSSchemaDataSource"
        ],
        "file-stores": [
            "JRFWSAsyncFileStore",
            "mds-owsm"
        ],
        "jms": [
            "JRFWSAsyncJmsModule"
        ],
        "jms-servers": [
            "JRFWSAsyncJmsServer"
        ],
        "shared-libraries": [
            "adf.oracle.businesseditor%%",
            "adf.oracle.domain%%",
            "adf.oracle.domain.webapp%%",
            "em_common%%",
            "em_core_ppc_pojo_jar",
            "em_error%%",
            "em_sdkcore_ppc_public_pojo_jar",
            "emagentsdk_jar%%",
            "emagentsdkimpl_jar%%",
            "emagentsdkimplpriv_jar%%",
            "emas",
            "emcore",
            "emcore_jar",
            "emcoreclient_jar",
            "emcorecommon_jar",
            "emcoreconsole_jar",
            "emcoreintsdk_jar%%",
            "emcorepbs_jar",
            "emcoresdk_jar%%",
            "emcoresdkimpl_jar%%",
            "jsf%%",
            "jstl%%",
            "log4j_jar%%",
            "odl.clickhistory%%",
            "odl.clickhistory.webapp%%",
            "ohw-rcf%%",
            "ohw-uix%%",
            "oracle.adf.dconfigbeans%%",
            "oracle.adf.desktopintegration%%",
            "oracle.adf.desktopintegration.model%%",
            "oracle.adf.management%%",
            "oracle.bi.adf.model.slib%%",
            "oracle.bi.adf.view.slib%%",
            "oracle.bi.adf.webcenter.slib%%",
            "oracle.bi.composer%%",
            "oracle.bi.jbips%%",
            "oracle.dconfig-infra%%",
            "oracle.jrf.system.filter",
            "oracle.jsp.next%%",
            "oracle.pwdgen%%",
            "oracle.sdp.client%%",
            "oracle.sdp.messaging%%",
            "oracle.webcenter.composer%%",
            "oracle.webcenter.skin%%",
            "oracle.wsm.console%%",
            "oracle.wsm.idmrest%%",
            "oracle.wsm.seedpolicies%%",
            "orai18n-adf%%",
            "owasp.esapi%%",
            "UIX%%"
        ],
        "shutdown-classes": [
            "DMSShutdown",
            "JOC-Shutdown"
        ],
        "startup-classes": [
            "JMX Framework Startup Class",
            "JOC-Startup",
            "JPS Startup Class",
            "WSM Startup Class",
            "Web Services Startup Class",
            "JRF Startup Class",
            "ODL-Startup",
            "DMS-Startup",
            "AWT Application Context Startup Class"
        ],
        "wldf": [
            "Module-FMWDFW"
        ]
    }
}
